Id,Label
1,RuxinDai
2,YinWang
3,XiweiWang
4,SuYu
5,DianweiHan
6,GuiliangTang
7,XuweiLiang
8,XinyuGeng
9,NirmalThapa
10,PengpengLin
11,LianLiu
12,JieWang
13,ArtShindhelm
14,WenshengShen
15,ChangjiangZhang
16,Eun{-}JooLee
17,KimberlyForsten{-}Williams
18,MichaelFannon
19,JeonghwaLee
20,JustinZhan
21,XiaoqianMa
22,BingZhao
23,PinggaiYang
24,JunLi
25,HaiJiang
26,YiSun
27,ErykDutkiewicz
28,JingLiu
29,XinmingYe
30,ZhijunXu
31,NingKang
32,StephenE.Rose
33,QiZhuang
34,NingCao
35,ZhenminLin
36,JinzeLiu
37,ShutingXu
38,WeijunZhong
39,BeibeiLi
40,ChiShen
41,KaiWang
42,FuqianYang
43,JenniferJ.Zhao
44,JingGao
45,SamirKaraa
46,EricS.Carlson
47,DanielGembris
48,Ji{-}HuanHe
49,YuxiFu
50,LiWang
51,SangbaeKim
52,KengoNakajima
53,HiroshiOkuda
54,HaiweiSun
55,Dae{-}KiKang
56,AdrianSilvescu
57,VasantG.Honavar
58,DoinaCaragea
59,JyotishmanPathak
60,JieBao
61,FeihongWu
62,JinuJoo
63,JihoonYang
64,FarrikhAlzami
65,JuanTang
66,ZhiwenYu
67,SiWu
68,C.L.PhilipChen
69,JaneYou
70,Wei{-}jieYu
71,Jing{-}YuJi
72,Yue{-}JiaoGong
73,QiangYang
74,YeLu
75,Hau{-}SanWong
76,YideWang
77,GuoqiangHan
78,ZhiqiangWang
79,TianlongGu
80,YuanlongLi
81,HanHu
82,YonggangWen
83,XueYu
84,Wei{-}NengChen
85,HuaxiangZhang
86,HuaqiangYuan
87,SamKwong
88,Yong{-}FengGe
89,YingLin
90,Zhi{-}HuiZhan
91,QiuzhenLin
92,GenmiaoJin
93,YuepingMa
94,Ka{-}ChunWong
95,CarlosA.CoelloCoello
96,JianqiangLi
97,JianyongChen
98,SongbaiLiu
99,QinglingZhu
100,ChaoyuTang
101,RuizhenSong
102,XiaoFangLiu
103,JeremiahD.Deng
104,YunLi
105,JeremiahDaDeng
106,YicongZhou
107,Ya{-}HuiJia
108,Run{-}DongLiu
109,Jin{-}ZhouLi
110,Xiao{-}MinHu
111,Fei{-}LongHe
112,Xiang{-}MinXu
113,QunfengLiu
114,ZhengtaoYu
115,XianjunZhu
116,JimingLiu
117,Yu{-}HuiZhang
118,XuyunWen
119,YilongYin
120,ZongqiangKuang
121,HongshengChen
122,JianWeng
123,XinSitu
124,NingMa
125,Da{-}ZhaoTan
126,Jia{-}binWang
127,HaoCong
128,Jing{-}JingLi
129,W.H.Ip
130,DaxingWang
131,Yuan{-}LongLi
132,QingLi
133,HenryShu{-}HungChung
134,Yu{-}huiShi
135,YurenZhou
136,Xin{-}yuanZhang
137,Chih{-}MinLin
138,PeinanLuo
139,HaretonLeung
140,AnSong
141,Zi{-}JiaWang
142,Ke{-}JingDu
143,Han{-}YuXie
144,Lu{-}YaoWu
145,Hao{-}HuiDeng
146,Wen{-}XiaoZhang
147,LeLi
148,Zong{-}GanChen
149,Zhi{-}huiZhan
150,WenShi
151,Wei{-}nengChen
152,QingfuZhang
153,YuhuaLi
154,ShujinLin
155,XiaonanLuo
156,NiChen
157,YusongTan
158,Yan{-}FeiLi
159,YuLiu
160,XiaominHu
161,Hai{-}HaoLi
162,Jing{-}HuiZhong
163,YongWeeFoo
164,AlfredoAlanFloresSaldivar
165,LeoYiChen
166,Xu{-}LongZeng
167,Meng{-}TingLi
168,MeieShen
169,Yue{-}jiaoGong
170,OuLiu
171,JingjingLi
172,MengWan
173,Hao{-}FengLi
174,Ge{-}YiZhang
175,Meng{-}DanZhang
176,JiannongCao
177,OkyayKaynak
178,Rui{-}zhangHuang
179,GuanYu
180,ZhaojunWang
181,LiangxingShi
182,Yao{-}XiuHu
183,LiangYin
184,Yun{-}yangMa
185,Xiao{-}maHuang
186,ZhiweiYang
187,Wei{-}GangWu
188,YishunChen
189,Wai{-}HungIp
190,YuGuo
191,Hai{-}linLiu
192,JinghuiZhong
193,Rui{-}tianXu
194,JingXiao
195,YiLi
196,YuPingYan
197,YongTang
198,Wen{-}liangZhong
199,YanYu
200,S.K.Kwok
201,ZhunFan
202,YuanShi
203,Xin{-}lingFeng
204,Li{-}MingZhang
205,JianMa
206,Pak{-}LokPoon
207,WeiliLiu
208,Zi{-}junYu
209,Wai{-}LunLo
210,LingYuan
211,Lu{-}kaiLan
212,JianHuang
213,TaoHuang
214,XiaomingChen
215,PongChiYuen
216,WenshengChen
217,Jian{-}HuangLai
218,Xiao{-}IanZhuo
219,YangYu
220,HuaChunCai
221,YuanZhang
222,HuachunCai
223,XuanTan
224,XuyaoLuo
225,FangYu
226,XiaolanZhuo
227,ZhiWei
228,MinqiaoLu
229,MinGu
230,WeiweiDai
231,MuhuiFan
232,D.Bi
233,G.L.Wang
234,Q.Xue
235,EugeneP.W.Tam
236,J.J.Lee
237,AngusK.M.Wu
238,XianghaoYu
239,KhaledBenLetaief
240,RuiWang
241,ShenghuiSong
242,YuyiMao
243,ChangshengYou
244,KaibinHuang
245,MartinHaenggi
246,Juei{-}ChinShen
247,Kwang{-}ChengChen
248,XiPeng
249,YuanmingShi
250,BinHu
251,CunqingHua
252,CailianChen
253,XinpingGuan
254,S.H.Song
255,JuanLiu
256,BoBai
257,XuanLiu
258,ChangLi
259,YinghaoYu
260,WeiWang
261,JinkunCheng
262,WeiChen
263,YamingLuo
264,JeffreyG.Andrews
265,EmadAlsusa
266,KaiYang
267,ZhiDing
268,Suya
269,ShidongZhou
270,ChangmingLi
271,BrendanO'Donoghue
272,NimaSeifi
273,RobertW.HeathJr.
274,TommySvensson
275,MikaelColdrey
276,GiulioBartoli
277,RomanoFantacci
278,DaniaMarabissi
279,NiccoloPrivitera
280,MarcoPucci
281,FangyongLi
282,LeiDeng
283,YunRui
284,PengCheng
285,Q.T.Zhang
286,MingqiLi
287,GuodongZhao
288,LiyingLi
289,MatsViberg
290,MariosKountouris
291,JiamingXu
292,RunhuaChen
293,ArunabhaGhosh
294,Tat{-}MingLok
295,Ba{-}QuyVuong
296,Ee{-}PengLim
297,AixinSun
298,Chew{-}HungChang
299,KalyaniChatterjea
300,DionHoe{-}LianGoh
301,YinLengTheng
302,FiftarinaPuspitasari
303,YuanyuanLi
304,Kuah{-}LiTan
305,HanYu
306,NamHaiDang
307,MinhChanhVo
308,QiHe
309,KuiyuChang
310,HaoWang
311,HeqingGuo
312,ManshanLin
313,JianfeiYin
314,ZheWang
315,Yin{-}LengTheng
316,HaiYu
317,D.Sadeli
318,DimitrisPapadias
319,KyriakosMouratidis
320,ManliZhu
321,DikLunLee
322,HannyYuliusLimanto
323,NguyenNgocGiang
324,VoTanTrung
325,QuangHuyNguyen
326,YufeiTao
327,NikosMamoulis
328,QiongmaoShen
329,JimengSun
330,PanosKalnis
331,YingyingGu
332,PingXue
333,YanweiZheng
334,HaoSheng
335,BeichenZhang
336,ZhangXiong
337,ChristopherKallas
338,JamesMarx
339,JudyTjoe
340,IvkoCvejic
341,JunWang
342,GuangwuXu
343,Jean{-}BaptisteThibault
344,WeisongLiu
345,YirongWu
346,WenHu
347,TianZhao
348,XiangmingMu
349,FloydFrost
350,T.TonyCai
351,DehongMa
352,X.Zhang
353,HamidKrim
354,GilbertG.Walter
355,JiangchuanLiu
356,QianZhang
357,BoLi
358,WenwuZhu
359,BinLi
360,JianboGao
361,MatthewG.Fleming
362,YaoWang
363,NikolasP.Galatsanos
364,DongyanWang
365,DavidA.Langan
366,JamesW.Modestino
367,QueN.Tran
368,IlyaPollak
369,Arm
370,B.CognettaJr.
371,GeraldG.Hanauer
372,Y.Miao
373,WanNgaiWayneLee
374,JianhuaLin
375,XiaoyanLuo
376,QionghaiDai
377,YueqianLiang
378,YingminJia
379,JunpingDu
380,DeyuanMeng
381,MingxingLi
382,QunyuXu
383,XianbinCao
384,PingkunYan
385,XuelongLi
386,WenlingLi
387,JingyuYan
388,FuxiangWang
389,BinZhang
390,ChenggangClarenceYan
391,YongdongZhang
392,JizhengXu
393,FengDai
394,FengWu
395,LinZhao
396,PingWang
397,LiFei
398,QiangGao
399,QifengXu
400,WenLi
401,YueLin
402,YawenLi
403,X.Fu
404,X.Liu
405,KaiquanCai
406,ChiZhou
407,KeTang
408,ChangfangChen
409,ShengpengYu
410,Xiao{-}HongPeng
411,MingmingXiao
412,ChuanLei
413,WenboDu
414,GangWang
415,JingyuYang
416,YiZuo
417,HuiLiu
418,L.L.Cheng
419,ShiChen
420,BoNing
421,YanWuXu
422,MaobinHu
423,XuZhang
424,ZaiWang
425,YuanpingGuo
426,YanQu
427,Chun{-}yuenTeng
428,ChenHuang
429,PengyiZhang
430,JaneCody
431,YulinglingWu
432,DerekL.Hansen
433,LadaA.Adamic
434,EytanBakshy
435,MarkS.Ackerman
436,YangYe
437,KevinKyungNam
438,AlisonLee
439,AndreasGirgensohn
440,MarshallW.vanAlstyne
441,MarkGreenfield
442,MelvinLeok
443,HaizhangZhang
444,YueshengXu
445,GregoryT.Stevens
446,HaikunWei
447,FlorentCousseau
448,TomokoOzeki
449,Shun{-}ichiAmari
450,JohnP.Miller
451,HongLai
452,MingxingLuo
453,JosefPieprzyk
454,LeiPan
455,MehmetA.Orgun
456,WeizhiMeng
457,LijunJiang
458,YuWang
459,JinLi
460,YangXiang
461,LiuLiu
462,OlivierY.deVel
463,Qing{-}LongHan
464,YuantianMiao
465,ZichanRuan
466,YonggangHuang
467,LongbingCao
468,YuyingLiu
469,GuanjunLin
470,WeiLuo
471,PaulMontague
472,ShigangLiu
473,WanleiZhou
474,DerekWang
475,JamesXiZheng
476,ShengWen
477,XiaoChen
478,ChaoranLi
479,DeruiWang
480,SuryaNepal
481,KuiRen
482,NanSun
483,HoucineHassan
484,ChaoChen
485,TingminWu
486,MajedA.AlRubaian
487,MohammadMehediHassan
488,JonathanOliver
489,AbdulhameedAlelaiwi
490,GeyongMin
491,IvanStojmenovic
492,PeterMueller
493,YiXie
494,HeyanHuang
495,JieWu
496,BinfengWang
497,ZiliZhang
498,DawenXia
499,AngYang
500,BailinXie
501,YongliRen
502,GangLi
503,WeiZhou
504,WeijiaJia
505,CliffC.Zou
506,GuiyiWei
507,LaurenceT.Yang
508,DiWu
509,LeiYe
510,YongXiang
511,AthanasiosV.Vasilakos
512,YongGuan
513,SilvioCesare
514,DianfuMa
515,YongwangZhao
516,ShunzhengYu
517,YiMu
518,Shun{-}ZhengYu
519,BinZhao
520,WeidongKou
521,HuiLi
522,LanjunDang
523,KaiFan
524,ZanLi
525,XuefeiCao
